Country,Year,Internet_Users
Africa Eastern and Southern,2019,21.6
Afghanistan,2019,17.6
Africa Western and Central,2019,28.5
Angola,2019,32.1294
Albania,2019,68.5504
Andorra,2019,90.7187
United Arab Emirates,2019,99.15
Argentina,2019,79.947
Armenia,2019,66.5439
Antigua and Barbuda,2019,73.9792
Australia,2019,93.6099
Austria,2019,87.7522
Azerbaijan,2019,81.1
Burundi,2019,6.1
Belgium,2019,90.2754
Benin,2019,20.5
Burkina Faso,2019,9.27181
Bangladesh,2019,30.4
Bulgaria,2019,67.947
Bahrain,2019,99.7015
Bahamas,2019,90.6933
Bosnia and Herzegovina,2019,69.9463
Belarus,2019,82.7892
Belize,2019,58.7652
Bolivia,2019,47.4748
Brazil,2019,73.9124
Barbados,2019,74.1791
Brunei Darussalam,2019,95.0
Bhutan,2019,74.1794
Botswana,2019,61.3865
Central African Republic,2019,7.50916
Canada,2019,91.9129
Switzerland,2019,93.1461
Chile,2019,85.0176
China,2019,64.0809
Cote d'Ivoire,2019,36.289
Cameroon,2019,36.5392
"Congo, Dem. Rep.",2019,16.4812
Colombia,2019,65.0069
Comoros,2019,16.3838
Cabo Verde,2019,61.9434
Costa Rica,2019,81.2026
Cuba,2019,67.9708
Cyprus,2019,86.0636
Czech Republic,2019,80.8669
Germany,2019,88.1345
Djibouti,2019,58.4762
Dominica,2019,73.3819
Denmark,2019,98.0464
Dominican Republic,2019,79.7155
Algeria,2019,55.7907
East Asia & Pacific (excluding high income),2019,64.0
East Asia & Pacific,2019,67.1
Europe & Central Asia (excluding high income),2019,70.3
Europe & Central Asia,2019,80.3
Ecuador,2019,59.2
Egypt,2019,57.2829
Eritrea,2019,11.2
Spain,2019,90.7187
Estonia,2019,90.2289
Ethiopia,2019,16.0
Fragile and conflict affected situations,2019,26.6
Finland,2019,89.6074
Fiji,2019,63.2179
France,2019,83.3397
"Micronesia, Fed. Sts.",2019,38.0
Gabon,2019,59.5176
United Kingdom,2019,92.5166
Georgia,2019,68.8467
Ghana,2019,22.0732
Guinea,2019,22.6255
Gambia,2019,31.1183
Guinea-Bissau,2019,17.9215
Equatorial Guinea,2019,49.1337
Greece,2019,75.6712
Grenada,2019,64.3128
Guatemala,2019,44.401
Guyana,2019,55.3127
High income,2019,87.5
Hong Kong,2019,91.7434
Honduras,2019,39.3884
Croatia,2019,79.0798
Haiti,2019,39.262
Hungary,2019,80.3717
IBRD only,2019,56.3
IDA & IBRD total,2019,47.8
IDA total,2019,24.2
IDA blend,2019,26.9
Indonesia,2019,47.6906
IDA only,2019,22.8
India,2019,29.5235
Ireland,2019,87.0001
Iran,2019,72.4509
Iraq,2019,44.3263
Iceland,2019,99.5049
Israel,2019,86.7879
Italy,2019,67.8507
Jamaica,2019,70.841
Jordan,2019,70.0847
Japan,2019,92.7304
Kazakhstan,2019,81.8776
Kenya,2019,22.6688
Kyrgyz Republic,2019,64.1
Cambodia,2019,52.3059
Kiribati,2019,39.5737
St. Kitts and Nevis,2019,69.4
South Korea,2019,96.1576
Kuwait,2019,99.5427
Latin America & Caribbean (excluding high income),2019,67.9
Lao PDR,2019,47.0323
Lebanon,2019,81.4812
Liberia,2019,18.3141
St. Lucia,2019,61.0805
Latin America & Caribbean,2019,67.8
Least developed countries: UN classification,2019,21.2
Low income,2019,16.4
Liechtenstein,2019,93.1461
Sri Lanka,2019,32.0
Lower middle income,2019,33.4
Lesotho,2019,42.3017
Lithuania,2019,81.5819
Luxembourg,2019,97.1206
Latvia,2019,86.1355
"Macao SAR, China",2019,86.4679
Morocco,2019,84.1204
Monaco,2019,83.3397
Moldova,2019,57.7605
Madagascar,2019,9.37944
Maldives,2019,77.4697
"Middle East, North Africa, Afghanistan & Pakistan",2019,46.0
Mexico,2019,69.6321
Marshall Islands,2019,49.7575
North Macedonia,2019,81.4129
Mali,2019,24.9603
Malta,2019,85.7786
Myanmar,2019,36.5405
"Middle East, North Africa, Afghanistan & Pakistan (excluding high income)",2019,41.5
Montenegro,2019,73.4767
Mongolia,2019,51.08
Mozambique,2019,12.4793
Mauritania,2019,25.0978
Mauritius,2019,61.73
Malawi,2019,11.0586
Malaysia,2019,84.1871
North America,2019,89.7
Namibia,2019,49.8
Niger,2019,16.6119
Nigeria,2019,29.7
Nicaragua,2019,37.8319
Netherlands,2019,93.2886
Norway,2019,98.0
Nepal,2019,33.3366
Nauru,2019,74.7379
New Zealand,2019,89.8637
Oman,2019,90.2594
Pakistan,2019,17.0709
Panama,2019,63.6284
Peru,2019,59.9505
Philippines,2019,43.0266
Papua New Guinea,2019,19.9783
Poland,2019,80.4359
Puerto Rico (US),2019,77.7364
Portugal,2019,75.3464
Paraguay,2019,68.5176
West Bank and Gaza,2019,70.6226
Qatar,2019,99.6528
Romania,2019,73.6575
Russia,2019,82.6422
Rwanda,2019,21.358
South Asia,2019,29.7
Saudi Arabia,2019,95.7247
Sudan,2019,25.9
Senegal,2019,43.4
Singapore,2019,88.9493
Solomon Islands,2019,26.3406
Sierra Leone,2019,15.7137
El Salvador,2019,50.4912
San Marino,2019,67.8507
Serbia,2019,77.4168
Sub-Saharan Africa (excluding high income),2019,25.3
South Sudan,2019,6.7
Sub-Saharan Africa,2019,24.4
Small states,2019,62.1
Sao Tome and Principe,2019,44.3
Suriname,2019,62.0
Slovakia,2019,82.8537
Slovenia,2019,83.1084
Sweden,2019,94.4934
Eswatini,2019,43.9
Seychelles,2019,76.6
Syrian Arab Republic,2019,34.65
Chad,2019,7.6
East Asia & Pacific (IDA & IBRD countries),2019,64.3
Europe & Central Asia (IDA & IBRD countries),2019,75.2
Togo,2019,20.7273
Thailand,2019,66.6524
Latin America & the Caribbean (IDA & IBRD countries),2019,67.7
Timor-Leste,2019,28.0046
"Middle East, North Africa, Afghanistan & Pakistan (IDA & IBRD)",2019,41.3
South Asia (IDA & IBRD),2019,29.7
Sub-Saharan Africa (IDA & IBRD countries),2019,24.4
Trinidad and Tobago,2019,75.0
Tunisia,2019,66.7
Turkey,2019,73.9767
Tuvalu,2019,50.7996
Tanzania,2019,16.5909
Ukraine,2019,70.1248
Upper middle income,2019,67.5
Uruguay,2019,83.3515
United States,2019,89.4303
Uzbekistan,2019,70.4
St. Vincent and the Grenadines,2019,59.5763
Vietnam,2019,68.6616
Vanuatu,2019,37.5081
World,2019,53.9
Samoa,2019,47.2211
South Africa,2019,69.6969
Zambia,2019,18.7
Zimbabwe,2019,26.5883
Africa Eastern and Southern,2020,23.5
Afghanistan,2020,17.0485
Africa Western and Central,2020,31.5
Angola,2020,36.6347
Albania,2020,72.2377
Andorra,2020,93.2056
United Arab Emirates,2020,100.0
Argentina,2020,85.5144
Armenia,2020,76.5077
Antigua and Barbuda,2020,75.0089
Australia,2020,94.6935
Austria,2020,87.5294
Azerbaijan,2020,84.6
Burundi,2020,9.17302
Belgium,2020,91.5264
Benin,2020,22.1206
Burkina Faso,2020,10.7927
Bangladesh,2020,36.1091
Bulgaria,2020,70.1625
Bahrain,2020,99.671
Bahamas,2020,92.4437
Bosnia and Herzegovina,2020,73.2118
Belarus,2020,85.0879
Belize,2020,64.4359
Bolivia,2020,59.9401
Brazil,2020,81.3427
Barbados,2020,76.002
Brunei Darussalam,2020,96.3055
Bhutan,2020,76.8508
Botswana,2020,69.523
Canada,2020,92.3
Switzerland,2020,94.3499
Chile,2020,87.4593
China,2020,70.0528
Cote d'Ivoire,2020,36.0166
Cameroon,2020,41.2264
"Congo, Dem. Rep.",2020,21.6422
"Congo, Rep.",2020,24.8206
Colombia,2020,69.7953
Comoros,2020,22.4204
Cabo Verde,2020,69.3734
Costa Rica,2020,80.5302
Cuba,2020,71.1191
Cyprus,2020,90.8019
Czech Republic,2020,81.3389
Germany,2020,89.8129
Djibouti,2020,59.9257
Dominica,2020,75.6567
Denmark,2020,96.5491
Dominican Republic,2020,81.6173
Algeria,2020,63.4727
East Asia & Pacific (excluding high income),2020,72.2
East Asia & Pacific,2020,73.9
Europe & Central Asia (excluding high income),2020,74.5
Europe & Central Asia,2020,83.4
Ecuador,2020,70.7
Egypt,2020,71.9142
Eritrea,2020,14.3494
Spain,2020,93.2056
Estonia,2020,89.0583
Ethiopia,2020,16.0696
Fragile and conflict affected situations,2020,29.6
Finland,2020,92.1703
Fiji,2020,68.6256
France,2020,84.7064
"Micronesia, Fed. Sts.",2020,39.3833
Gabon,2020,63.9179
United Kingdom,2020,94.8182
Georgia,2020,72.5316
Ghana,2020,62.5176
Guinea,2020,23.4499
Gambia,2020,34.2172
Guinea-Bissau,2020,20.4573
Equatorial Guinea,2020,55.0013
Greece,2020,78.1158
Grenada,2020,67.3637
Guatemala,2020,47.5123
Guyana,2020,62.954
High income,2020,88.4
Hong Kong,2020,92.4131
Honduras,2020,45.2483
Croatia,2020,78.3209
Hungary,2020,84.7712
IBRD only,2020,65.4
IDA & IBRD total,2020,55.1
IDA total,2020,27.0
IDA blend,2020,28.7
Indonesia,2020,53.7265
IDA only,2020,26.0
India,2020,43.4054
Ireland,2020,91.9999
Iran,2020,75.5699
Iraq,2020,53.6778
Iceland,2020,99.5328
Israel,2020,90.1273
Italy,2020,70.4834
Jamaica,2020,76.384
Jordan,2020,78.4178
Japan,2020,90.2195
Kazakhstan,2020,85.9426
Kyrgyz Republic,2020,72.0
Cambodia,2020,53.6508
St. Kitts and Nevis,2020,70.2753
South Korea,2020,96.5051
Kuwait,2020,99.1059
Latin America & Caribbean (excluding high income),2020,73.3
Lao PDR,2020,54.0
Lebanon,2020,82.0665
Liberia,2020,19.4126
Libya,2020,87.5754
St. Lucia,2020,62.064
Latin America & Caribbean,2020,73.8
Least developed countries: UN classification,2020,24.1
Low income,2020,17.6
Liechtenstein,2020,94.3499
Sri Lanka,2020,36.1847
Lower middle income,2020,42.5
Lesotho,2020,43.6575
Lithuania,2020,83.0555
Luxembourg,2020,98.4596
Latvia,2020,88.898
"Macao SAR, China",2020,87.4623
Morocco,2020,84.1204
Monaco,2020,98.5709
Moldova,2020,58.2153
Madagascar,2020,11.3547
Maldives,2020,79.0978
"Middle East, North Africa, Afghanistan & Pakistan",2020,50.6
Mexico,2020,71.4902
Marshall Islands,2020,56.4191
North Macedonia,2020,81.4055
Mali,2020,29.113
Malta,2020,86.8588
Myanmar,2020,45.4477
"Middle East, North Africa, Afghanistan & Pakistan (excluding high income)",2020,46.4
Montenegro,2020,77.6088
Mongolia,2020,62.5
Mozambique,2020,14.2874
Mauritania,2020,27.4262
Mauritius,2020,67.7329
Malawi,2020,13.8995
Malaysia,2020,89.555
North America,2020,90.5
Namibia,2020,57.8608
Niger,2020,17.0375
Nigeria,2020,31.8888
Nicaragua,2020,42.2037
Netherlands,2020,91.3333
Norway,2020,94.6076
Nepal,2020,38.8576
Nauru,2020,81.6554
New Zealand,2020,95.2342
Oman,2020,95.2323
Pakistan,2020,18.9348
Panama,2020,70.0097
Peru,2020,65.2518
Philippines,2020,53.7649
Papua New Guinea,2020,24.3969
Poland,2020,83.1849
Portugal,2020,78.2617
Paraguay,2020,73.9575
West Bank and Gaza,2020,76.01
Qatar,2020,99.6528
Romania,2020,78.4553
Russia,2020,84.9947
Rwanda,2020,23.8
South Asia,2020,42.5
Saudi Arabia,2020,97.8623
Sudan,2020,26.4383
Senegal,2020,53.3088
Singapore,2020,92.0043
Solomon Islands,2020,33.1974
Sierra Leone,2020,17.1208
El Salvador,2020,54.6014
San Marino,2020,77.95
"Somalia, Fed. Rep.",2020,15.0237
Serbia,2020,78.368
Sub-Saharan Africa (excluding high income),2020,28.0
South Sudan,2020,9.27123
Sub-Saharan Africa,2020,26.7
Small states,2020,65.6
Sao Tome and Principe,2020,51.5547
Suriname,2020,69.8369
Slovakia,2020,89.9209
Slovenia,2020,86.6013
Sweden,2020,94.5394
Eswatini,2020,49.013
Seychelles,2020,84.8223
Chad,2020,8.34311
East Asia & Pacific (IDA & IBRD countries),2020,72.7
Europe & Central Asia (IDA & IBRD countries),2020,78.6
Togo,2020,29.0237
Thailand,2020,77.8437
Tajikistan,2020,27.5441
Latin America & the Caribbean (IDA & IBRD countries),2020,73.8
Timor-Leste,2020,32.0127
"Middle East, North Africa, Afghanistan & Pakistan (IDA & IBRD)",2020,46.2
South Asia (IDA & IBRD),2020,42.5
Sub-Saharan Africa (IDA & IBRD countries),2020,26.8
Trinidad and Tobago,2020,77.2813
Tunisia,2020,68.5564
Turkey,2020,77.6696
Tuvalu,2020,61.0265
Tanzania,2020,17.7693
Uganda,2020,7.4
Ukraine,2020,75.0379
Upper middle income,2020,74.9
Uruguay,2020,85.471
United States,2020,90.3447
Uzbekistan,2020,71.1
St. Vincent and the Grenadines,2020,63.381
Vietnam,2020,70.3
Vanuatu,2020,41.3916
World,2020,60.1
Samoa,2020,51.6959
Yemen,2020,13.8152
South Africa,2020,72.1128
Zambia,2020,24.5
Zimbabwe,2020,29.2986
Africa Eastern and Southern,2021,25.0
Afghanistan,2021,16.5143
Africa Western and Central,2021,34.7
Angola,2021,39.3876
Albania,2021,79.3237
Andorra,2021,93.8975
United Arab Emirates,2021,100.0
Argentina,2021,87.1507
Armenia,2021,78.6123
Antigua and Barbuda,2021,76.0528
Australia,2021,96.9722
Austria,2021,92.5292
Azerbaijan,2021,86.0
Burundi,2021,10.9847
Belgium,2021,92.7887
Benin,2021,28.2047
Burkina Faso,2021,12.5631
Bangladesh,2021,38.9174
Bulgaria,2021,75.2714
Bahrain,2021,100.0
Bahamas,2021,94.3479
Bosnia and Herzegovina,2021,75.6762
Belarus,2021,86.8884
Belize,2021,70.6537
Bolivia,2021,65.9774
Brazil,2021,80.6899
Barbados,2021,77.8697
Brunei Darussalam,2021,97.6288
Bhutan,2021,85.6369
Botswana,2021,78.738
Canada,2021,93.9371
Switzerland,2021,95.5694
Chile,2021,90.2328
China,2021,73.0532
Cote d'Ivoire,2021,35.9507
Cameroon,2021,42.0405
"Congo, Dem. Rep.",2021,28.4193
"Congo, Rep.",2021,33.3461
Colombia,2021,73.0284
Comoros,2021,30.6812
Cabo Verde,2021,70.2825
Costa Rica,2021,82.749
Cuba,2021,67.6435
Cyprus,2021,90.7595
Czech Republic,2021,82.6706
Germany,2021,91.4306
Djibouti,2021,61.4112
Dominica,2021,82.6979
Denmark,2021,98.8659
Dominican Republic,2021,85.243
Algeria,2021,72.2124
East Asia & Pacific (excluding high income),2021,77.6
East Asia & Pacific,2021,78.8
Europe & Central Asia (excluding high income),2021,79.1
Europe & Central Asia,2021,86.3
Ecuador,2021,69.1148
Egypt,2021,72.056
Eritrea,2021,18.3844
Spain,2021,93.8975
Estonia,2021,90.9797
Ethiopia,2021,16.6981
Fragile and conflict affected situations,2021,32.3
Finland,2021,92.8081
Fiji,2021,74.4958
France,2021,86.0955
Gabon,2021,68.6436
United Kingdom,2021,96.1965
Georgia,2021,76.4427
Ghana,2021,68.6
Guinea,2021,24.3044
Gambia,2021,37.6247
Guinea-Bissau,2021,23.3519
Equatorial Guinea,2021,58.7173
Greece,2021,78.4943
Grenada,2021,70.5594
Guatemala,2021,50.8416
Guyana,2021,71.6509
High income,2021,90.0
Hong Kong,2021,93.0872
Honduras,2021,51.9516
Croatia,2021,81.254
Hungary,2021,88.6408
IBRD only,2021,70.3
IDA & IBRD total,2021,59.3
IDA total,2021,29.8
IDA blend,2021,32.4
Indonesia,2021,62.1045
IDA only,2021,28.4
Ireland,2021,96.4235
Iran,2021,78.5957
Iraq,2021,65.0022
Iceland,2021,99.687
Israel,2021,90.2969
Italy,2021,74.8623
Jamaica,2021,82.3607
Jordan,2021,86.0
Japan,2021,82.9141
Kazakhstan,2021,90.924
Kyrgyz Republic,2021,77.1177
Cambodia,2021,57.9592
St. Kitts and Nevis,2021,74.3716
South Korea,2021,97.5713
Kuwait,2021,99.7
Latin America & Caribbean (excluding high income),2021,75.3
Lao PDR,2021,62.0
Lebanon,2021,82.656
Liberia,2021,20.5771
Libya,2021,88.5598
St. Lucia,2021,63.0633
Latin America & Caribbean,2021,75.8
Least developed countries: UN classification,2021,26.1
Low income,2021,19.0
Liechtenstein,2021,95.5694
Sri Lanka,2021,44.4531
Lower middle income,2021,47.4
Lesotho,2021,45.0567
Lithuania,2021,86.9305
Luxembourg,2021,98.6609
Latvia,2021,91.1796
"Macao SAR, China",2021,88.4681
Morocco,2021,88.1303
Monaco,2021,99.0776
Moldova,2021,74.495
Madagascar,2021,13.7459
Maldives,2021,81.9576
"Middle East, North Africa, Afghanistan & Pakistan",2021,54.2
Mexico,2021,75.6265
Marshall Islands,2021,63.9726
North Macedonia,2021,81.8737
Mali,2021,33.9565
Malta,2021,87.4698
Myanmar,2021,56.5261
"Middle East, North Africa, Afghanistan & Pakistan (excluding high income)",2021,50.2
Montenegro,2021,82.2197
Mongolia,2021,81.6068
Mozambique,2021,16.3576
Mauritania,2021,29.9707
Mauritius,2021,71.6
Malawi,2021,17.4703
Malaysia,2021,96.7514
North America,2021,91.5
Namibia,2021,60.26
Niger,2021,17.474
Nigeria,2021,35.5098
Nicaragua,2021,47.0806
Netherlands,2021,92.053
Norway,2021,99.0
Nepal,2021,45.293
New Zealand,2021,96.1151
Oman,2021,95.2388
Pakistan,2021,21.4107
Panama,2021,77.031
Peru,2021,71.1078
Philippines,2021,66.9078
Papua New Guinea,2021,23.2437
Poland,2021,85.3749
Puerto Rico (US),2021,84.7867
Portugal,2021,82.309
Paraguay,2021,77.0184
West Bank and Gaza,2021,82.1783
Qatar,2021,99.6528
Romania,2021,83.5904
Russia,2021,88.2138
Rwanda,2021,24.4416
South Asia,2021,48.0
Saudi Arabia,2021,100.0
Senegal,2021,57.2554
Singapore,2021,96.9247
Solomon Islands,2021,41.8392
Sierra Leone,2021,18.6539
El Salvador,2021,61.7527
San Marino,2021,81.67
Serbia,2021,81.1659
Sub-Saharan Africa (excluding high income),2021,30.3
Sub-Saharan Africa,2021,29.0
Small states,2021,69.1
Sao Tome and Principe,2021,61.5241
Suriname,2021,76.572
Slovakia,2021,88.9256
Slovenia,2021,89.004
Sweden,2021,94.6703
Eswatini,2021,53.9953
Seychelles,2021,87.3383
Chad,2021,13.1283
East Asia & Pacific (IDA & IBRD countries),2021,78.3
Europe & Central Asia (IDA & IBRD countries),2021,82.6
Togo,2021,30.3384
Thailand,2021,85.2696
Tajikistan,2021,49.8409
Latin America & the Caribbean (IDA & IBRD countries),2021,75.9
Timor-Leste,2021,35.042
"Middle East, North Africa, Afghanistan & Pakistan (IDA & IBRD)",2021,50.0
Tonga,2021,57.5486
South Asia (IDA & IBRD),2021,48.0
Sub-Saharan Africa (IDA & IBRD countries),2021,28.9
Trinidad and Tobago,2021,84.3658
Tunisia,2021,68.3155
Turkey,2021,81.4084
Tuvalu,2021,73.3124
Tanzania,2021,19.0314
Uganda,2021,10.0
Ukraine,2021,79.2183
Upper middle income,2021,79.4
Uruguay,2021,87.6444
United States,2021,91.2684
Uzbekistan,2021,76.5904
St. Vincent and the Grenadines,2021,67.4287
Vietnam,2021,74.21
Vanuatu,2021,45.6772
World,2021,63.8
Samoa,2021,56.5947
South Africa,2021,74.9686
Zambia,2021,32.5
Zimbabwe,2021,37.0967
Africa Eastern and Southern,2022,26.8
Afghanistan,2022,17.1917
Africa Western and Central,2022,37.5
Angola,2022,42.0719
Albania,2022,82.6137
Andorra,2022,94.4855
United Arab Emirates,2022,100.0
Argentina,2022,88.3754
Armenia,2022,77.0277
Antigua and Barbuda,2022,77.1648
Australia,2022,97.0424
Austria,2022,93.6141
Azerbaijan,2022,88.0
Burundi,2022,11.0009
Belgium,2022,94.0078
Benin,2022,30.0134
Burkina Faso,2022,14.6238
Bangladesh,2022,41.6165
Bulgaria,2022,79.1269
Bahrain,2022,100.0
Bahamas,2022,94.7326
Bosnia and Herzegovina,2022,78.8455
Belarus,2022,89.5073
Belize,2022,71.8096
Bolivia,2022,67.3612
Brazil,2022,80.5278
Barbados,2022,79.4451
Brunei Darussalam,2022,98.9704
Bhutan,2022,86.2903
Botswana,2022,80.3696
Canada,2022,94.0
Switzerland,2022,96.4528
Chile,2022,93.5377
China,2022,75.6113
Cote d'Ivoire,2022,38.4133
Cameroon,2022,41.775
"Congo, Dem. Rep.",2022,29.4996
"Congo, Rep.",2022,37.4939
Colombia,2022,72.7964
Comoros,2022,32.7685
Cabo Verde,2022,72.7601
Costa Rica,2022,82.598
Cuba,2022,68.25
Cyprus,2022,89.601
Czech Republic,2022,84.5401
Germany,2022,91.6298
Djibouti,2022,63.2573
Dominica,2022,83.3101
Denmark,2022,97.8601
Dominican Republic,2022,81.5127
Algeria,2022,74.8319
East Asia & Pacific (excluding high income),2022,81.6
East Asia & Pacific,2022,82.4
Europe & Central Asia (excluding high income),2022,82.0
Europe & Central Asia,2022,87.9
Ecuador,2022,69.7181
Egypt,2022,72.1981
Eritrea,2022,18.7092
Spain,2022,94.4855
Estonia,2022,91.5202
Fragile and conflict affected situations,2022,34.8
Finland,2022,92.9888
Fiji,2022,78.2433
France,2022,85.3333
Gabon,2022,70.7069
United Kingdom,2022,96.2989
Georgia,2022,78.7113
Ghana,2022,69.3607
Guinea,2022,24.6954
Gambia,2022,44.0389
Guinea-Bissau,2022,27.5672
Equatorial Guinea,2022,59.3433
Greece,2022,83.1707
Grenada,2022,74.2689
Guatemala,2022,55.4086
Guyana,2022,78.3924
High income,2022,91.0
Hong Kong,2022,95.6136
Honduras,2022,56.3896
Croatia,2022,82.0716
Hungary,2022,89.1428
IBRD only,2022,74.4
IDA & IBRD total,2022,63.0
IDA total,2022,32.8
IDA blend,2022,36.5
Indonesia,2022,66.4846
IDA only,2022,30.7
India,2022,55.9
Ireland,2022,96.6206
Iran,2022,79.061
Iraq,2022,78.7156
Iceland,2022,99.8082
Israel,2022,91.8508
Italy,2022,85.0607
Jamaica,2022,82.4453
Jordan,2022,90.5
Japan,2022,84.9234
Kazakhstan,2022,92.2969
Kyrgyz Republic,2022,82.5991
Cambodia,2022,59.6606
St. Kitts and Nevis,2022,75.5566
South Korea,2022,97.1686
Kuwait,2022,99.7237
Latin America & Caribbean (excluding high income),2022,76.6
Lao PDR,2022,62.7001
Lebanon,2022,82.798
Liberia,2022,21.8966
Libya,2022,88.6412
St. Lucia,2022,65.3544
Latin America & Caribbean,2022,77.1
Least developed countries: UN classification,2022,28.2
Low income,2022,21.2
Liechtenstein,2022,96.4528
Sri Lanka,2022,48.3
Lower middle income,2022,52.3
Lesotho,2022,46.5007
Lithuania,2022,87.7242
Luxembourg,2022,98.242
Latvia,2022,91.0301
"Macao SAR, China",2022,87.9696
Morocco,2022,89.9
Monaco,2022,99.1497
Moldova,2022,76.7412
Madagascar,2022,18.5532
Maldives,2022,83.9119
"Middle East, North Africa, Afghanistan & Pakistan",2022,57.8
Mexico,2022,78.6322
Marshall Islands,2022,64.8023
North Macedonia,2022,85.008
Mali,2022,34.3797
Malta,2022,91.5406
Myanmar,2022,58.0112
"Middle East, North Africa, Afghanistan & Pakistan (excluding high income)",2022,54.1
Montenegro,2022,88.2219
Mongolia,2022,82.1725
Mozambique,2022,18.7913
Mauritania,2022,34.3001
Mauritius,2022,75.5
Malawi,2022,17.0457
Malaysia,2022,97.3986
North America,2022,92.6
Namibia,2022,61.1485
Niger,2022,23.2982
Nigeria,2022,37.6975
Nicaragua,2022,49.1307
Netherlands,2022,92.5197
Norway,2022,99.0
Nepal,2022,53.8878
New Zealand,2022,96.1942
Oman,2022,95.2453
Pakistan,2022,24.2103
Panama,2022,77.7041
Peru,2022,74.675
Philippines,2022,75.2111
Papua New Guinea,2022,23.7315
Poland,2022,86.9411
Puerto Rico (US),2022,87.2918
Portugal,2022,84.4969
Paraguay,2022,76.2592
West Bank and Gaza,2022,88.6469
Qatar,2022,99.6528
Romania,2022,85.5031
Russia,2022,90.418
Rwanda,2022,31.2252
South Asia,2022,54.2
Saudi Arabia,2022,100.0
Senegal,2022,59.2246
Singapore,2022,95.9539
Solomon Islands,2022,42.094
Sierra Leone,2022,19.2287
El Salvador,2022,65.5298
San Marino,2022,85.0607
"Somalia, Fed. Rep.",2022,27.6
Serbia,2022,83.5383
Sub-Saharan Africa (excluding high income),2022,32.7
Sub-Saharan Africa,2022,31.1
Small states,2022,70.5
Sao Tome and Principe,2022,61.5535
Suriname,2022,77.6494
Slovakia,2022,89.0677
Slovenia,2022,88.9125
Sweden,2022,95.0097
Eswatini,2022,57.465
Seychelles,2022,87.0353
Chad,2022,12.4865
East Asia & Pacific (IDA & IBRD countries),2022,82.3
Europe & Central Asia (IDA & IBRD countries),2022,85.2
Togo,2022,35.5105
Thailand,2022,87.9772
Tajikistan,2022,53.1078
Latin America & the Caribbean (IDA & IBRD countries),2022,77.3
Timor-Leste,2022,34.5102
"Middle East, North Africa, Afghanistan & Pakistan (IDA & IBRD)",2022,53.8
Tonga,2022,57.7181
South Asia (IDA & IBRD),2022,54.2
Sub-Saharan Africa (IDA & IBRD countries),2022,31.1
Trinidad and Tobago,2022,84.4957
Tunisia,2022,70.5532
Turkey,2022,83.4372
Tuvalu,2022,73.5846
Tanzania,2022,22.101
Uganda,2022,11.1246
Ukraine,2022,82.6753
Upper middle income,2022,82.7
Uruguay,2022,89.873
United States,2022,92.2016
Uzbekistan,2022,83.9
St. Vincent and the Grenadines,2022,71.7226
Vietnam,2022,78.59
Vanuatu,2022,45.6747
World,2022,67.0
Samoa,2022,57.3288
South Africa,2022,75.4556
Zambia,2022,15.0
Zimbabwe,2022,37.8861
Africa Eastern and Southern,2023,27.8
Afghanistan,2023,17.7089
Africa Western and Central,2023,38.5
Angola,2023,44.7581
Albania,2023,83.1356
Andorra,2023,95.4456
United Arab Emirates,2023,100.0
Argentina,2023,89.229
Armenia,2023,79.9966
Antigua and Barbuda,2023,77.5756
Australia,2023,97.0631
Austria,2023,95.3347
Azerbaijan,2023,89.0
Burundi,2023,11.0784
Belgium,2023,94.6263
Benin,2023,32.2083
Burkina Faso,2023,17.0226
Bangladesh,2023,44.5027
Bulgaria,2023,80.3896
Bahrain,2023,100.0
Bahamas,2023,94.8186
Bosnia and Herzegovina,2023,83.3772
Belarus,2023,91.5125
Belize,2023,72.3595
Bolivia,2023,70.2368
Brazil,2023,84.1506
Barbados,2023,79.9923
Brunei Darussalam,2023,99.0336
Bhutan,2023,88.426
Botswana,2023,81.36
Canada,2023,93.9564
Switzerland,2023,97.3444
Chile,2023,94.4574
China,2023,90.6
Cote d'Ivoire,2023,40.6528
Cameroon,2023,41.9088
"Congo, Dem. Rep.",2023,30.548
"Congo, Rep.",2023,38.3791
Colombia,2023,77.3369
Comoros,2023,35.6678
Cabo Verde,2023,73.539
Costa Rica,2023,85.3951
Cuba,2023,71.275
Cyprus,2023,91.2211
Czech Republic,2023,85.994
Germany,2023,92.4764
Djibouti,2023,65.0248
Dominica,2023,83.8255
Denmark,2023,98.7756
Dominican Republic,2023,84.6161
Algeria,2023,76.9081
East Asia & Pacific (excluding high income),2023,84.2
East Asia & Pacific,2023,84.9
Europe & Central Asia (excluding high income),2023,84.6
Europe & Central Asia,2023,89.6
Ecuador,2023,72.6943
Egypt,2023,72.6899
Eritrea,2023,20.0104
Spain,2023,95.4456
Estonia,2023,93.1834
Fragile and conflict affected situations,2023,36.1
Finland,2023,93.5139
Fiji,2023,79.3485
France,2023,86.8364
Gabon,2023,71.9256
United Kingdom,2023,96.2988
Georgia,2023,81.8843
Ghana,2023,69.9445
Guinea,2023,26.5014
Gambia,2023,45.9137
Guinea-Bissau,2023,32.4661
Equatorial Guinea,2023,60.3661
Greece,2023,85.0102
Grenada,2023,74.1201
Guatemala,2023,56.0535
Guyana,2023,81.7221
High income,2023,91.9
Hong Kong,2023,95.9778
Honduras,2023,58.2789
Croatia,2023,83.2412
Hungary,2023,91.4501
IBRD only,2023,77.3
IDA & IBRD total,2023,65.5
IDA total,2023,34.5
IDA blend,2023,38.3
Indonesia,2023,69.2084
IDA only,2023,32.5
Ireland,2023,96.4974
Iran,2023,79.6309
Iraq,2023,81.7291
Iceland,2023,99.8301
Israel,2023,87.0384
Italy,2023,87.0278
Jamaica,2023,89.473
Jordan,2023,92.5344
Japan,2023,86.9815
Kazakhstan,2023,92.8785
Kenya,2023,35.0
Kyrgyz Republic,2023,88.4701
Cambodia,2023,60.7171
Kiribati,2023,88.0
St. Kitts and Nevis,2023,76.4208
South Korea,2023,97.416
Kuwait,2023,99.7473
Latin America & Caribbean (excluding high income),2023,79.7
Lao PDR,2023,63.6255
Lebanon,2023,83.4933
Liberia,2023,23.4979
Libya,2023,88.4989
St. Lucia,2023,70.0834
Latin America & Caribbean,2023,80.0
Least developed countries: UN classification,2023,29.9
Low income,2023,22.0
Liechtenstein,2023,97.3444
Sri Lanka,2023,51.2
Lower middle income,2023,55.4
Lesotho,2023,47.991
Lithuania,2023,88.5029
Luxembourg,2023,99.3479
Latvia,2023,92.1879
"Macao SAR, China",2023,89.1806
Morocco,2023,91.0
Monaco,2023,99.1497
Moldova,2023,80.2126
Madagascar,2023,20.3671
Maldives,2023,84.6851
"Middle East, North Africa, Afghanistan & Pakistan",2023,59.5
Mexico,2023,81.1832
Marshall Islands,2023,65.7177
North Macedonia,2023,87.1819
Mali,2023,35.0921
Malta,2023,92.0727
Myanmar,2023,58.5357
"Middle East, North Africa, Afghanistan & Pakistan (excluding high income)",2023,55.9
Montenegro,2023,89.8052
Mongolia,2023,83.0162
Mozambique,2023,19.8434
Mauritania,2023,37.3809
Mauritius,2023,79.5
Malawi,2023,17.9881
Malaysia,2023,97.6927
North America,2023,93.3
Namibia,2023,64.4061
Niger,2023,23.1879
Nigeria,2023,39.2136
Nicaragua,2023,58.2314
Netherlands,2023,97.0068
Norway,2023,99.0
Nepal,2023,55.7716
New Zealand,2023,96.1638
Oman,2023,95.2517
Pakistan,2023,27.3759
Panama,2023,68.5485
Peru,2023,79.4848
Philippines,2023,83.7661
Papua New Guinea,2023,24.0667
Poland,2023,86.4147
Portugal,2023,85.7901
Paraguay,2023,78.0948
West Bank and Gaza,2023,86.6377
Qatar,2023,99.6528
Romania,2023,89.2034
Russia,2023,92.245
Rwanda,2023,34.2005
South Asia,2023,58.3
Saudi Arabia,2023,100.0
Senegal,2023,60.6122
Singapore,2023,94.2852
Solomon Islands,2023,42.4597
Sierra Leone,2023,20.635
El Salvador,2023,67.6558
San Marino,2023,87.0278
Serbia,2023,85.3575
Sub-Saharan Africa (excluding high income),2023,33.5
Sub-Saharan Africa,2023,32.3
Small states,2023,71.7
Sao Tome and Principe,2023,61.4607
Suriname,2023,78.3958
Slovakia,2023,87.2131
Slovenia,2023,90.3779
Sweden,2023,95.7033
Eswatini,2023,57.62
Seychelles,2023,87.4009
Chad,2023,13.1832
East Asia & Pacific (IDA & IBRD countries),2023,85.0
Europe & Central Asia (IDA & IBRD countries),2023,87.3
Togo,2023,37.0223
Thailand,2023,89.5353
Tajikistan,2023,56.791
Latin America & the Caribbean (IDA & IBRD countries),2023,80.2
Timor-Leste,2023,34.0207
"Middle East, North Africa, Afghanistan & Pakistan (IDA & IBRD)",2023,55.7
Tonga,2023,58.5334
South Asia (IDA & IBRD),2023,58.3
Sub-Saharan Africa (IDA & IBRD countries),2023,32.1
Trinidad and Tobago,2023,84.6994
Tunisia,2023,72.3542
Turkey,2023,85.9607
Tuvalu,2023,74.3146
Tanzania,2023,29.0638
Uganda,2023,15.2524
Ukraine,2023,82.3755
Upper middle income,2023,85.3
Uruguay,2023,89.896
United States,2023,93.1444
Uzbekistan,2023,89.0136
St. Vincent and the Grenadines,2023,75.9927
Vietnam,2023,78.08
Vanuatu,2023,45.7313
World,2023,69.2
Samoa,2023,58.1386
South Africa,2023,75.6592
Zambia,2023,33.0
Zimbabwe,2023,38.4266
Africa Eastern and Southern,2024,28.8
Africa Western and Central,2024,40.0
United Arab Emirates,2024,100.0
Argentina,2024,89.6672
Austria,2024,94.9197
Belgium,2024,95.7758
Bulgaria,2024,82.439
Bahrain,2024,100.0
Bosnia and Herzegovina,2024,86.1009
Belarus,2024,94.2618
Brazil,2024,84.4635
China,2024,92.0
Czech Republic,2024,87.6878
Germany,2024,93.5
Denmark,2024,99.7692
Dominican Republic,2024,91.0022
East Asia & Pacific (excluding high income),2024,86.1
East Asia & Pacific,2024,86.6
Europe & Central Asia (excluding high income),2024,85.8
Europe & Central Asia,2024,90.9
Ecuador,2024,77.1727
Spain,2024,95.7575
Estonia,2024,92.238
Fragile and conflict affected situations,2024,37.0
France,2024,88.6538
Greece,2024,86.2697
High income,2024,93.0
Croatia,2024,83.6324
Hungary,2024,93.779
IBRD only,2024,79.9
IDA & IBRD total,2024,67.7
IDA total,2024,36.4
IDA blend,2024,41.2
Indonesia,2024,72.7808
IDA only,2024,33.9
Israel,2024,88.1824
Italy,2024,89.2207
Kazakhstan,2024,93.3917
Kenya,2024,34.9762
South Korea,2024,97.8956
Latin America & Caribbean (excluding high income),2024,81.4
Latin America & Caribbean,2024,81.7
Least developed countries: UN classification,2024,31.4
Low income,2024,22.5
Lower middle income,2024,58.9
Luxembourg,2024,98.7606
Latvia,2024,92.7076
"Middle East, North Africa, Afghanistan & Pakistan",2024,61.5
"Middle East, North Africa, Afghanistan & Pakistan (excluding high income)",2024,58.0
Montenegro,2024,88.8826
Malaysia,2024,98.0206
North America,2024,94.4
Oman,2024,95.2517
Peru,2024,81.9571
Poland,2024,88.585
Portugal,2024,88.487
Paraguay,2024,81.5781
Romania,2024,91.2905
Russia,2024,94.365
South Asia,2024,62.8
Saudi Arabia,2024,100.0
Singapore,2024,94.3776
Serbia,2024,87.6907
Sub-Saharan Africa (excluding high income),2024,34.7
Sub-Saharan Africa,2024,33.6
Small states,2024,72.5
Slovakia,2024,89.8251
Slovenia,2024,90.7636
Sweden,2024,95.5293
East Asia & Pacific (IDA & IBRD countries),2024,86.8
Europe & Central Asia (IDA & IBRD countries),2024,88.9
Thailand,2024,90.8672
Latin America & the Caribbean (IDA & IBRD countries),2024,81.8
"Middle East, North Africa, Afghanistan & Pakistan (IDA & IBRD)",2024,57.8
South Asia (IDA & IBRD),2024,62.8
Sub-Saharan Africa (IDA & IBRD countries),2024,33.3
Turkey,2024,87.3079
Uganda,2024,8.94983
Upper middle income,2024,86.9
Uruguay,2024,91.9911
Vietnam,2024,84.15
World,2024,71.2
Africa Eastern and Southern,2025,30.4
Africa Western and Central,2025,42.4
East Asia & Pacific (excluding high income),2025,88.1
East Asia & Pacific,2025,88.4
Europe & Central Asia (excluding high income),2025,87.5
Europe & Central Asia,2025,92.4
Fragile and conflict affected situations,2025,38.5
High income,2025,94.2
IBRD only,2025,82.7
IDA & IBRD total,2025,70.3
IDA total,2025,38.9
IDA blend,2025,44.2
IDA only,2025,36.1
India,2025,70.0
Latin America & Caribbean (excluding high income),2025,83.6
Latin America & Caribbean,2025,83.7
Least developed countries: UN classification,2025,33.7
Low income,2025,23.4
Lower middle income,2025,62.9
"Middle East, North Africa, Afghanistan & Pakistan",2025,63.7
"Middle East, North Africa, Afghanistan & Pakistan (excluding high income)",2025,0.0
North America,2025,95.6
South Asia,2025,67.8
Sub-Saharan Africa (excluding high income),2025,36.5
Sub-Saharan Africa,2025,35.7
Small states,2025,0.0
East Asia & Pacific (IDA & IBRD countries),2025,88.9
Europe & Central Asia (IDA & IBRD countries),2025,90.8
Latin America & the Caribbean (IDA & IBRD countries),2025,83.9
"Middle East, North Africa, Afghanistan & Pakistan (IDA & IBRD)",2025,60.2
South Asia (IDA & IBRD),2025,67.8
Sub-Saharan Africa (IDA & IBRD countries),2025,35.2
Upper middle income,2025,88.8
World,2025,73.6
